{
  "movies": [
    {
      "title": "Toy story 2222222",
      "poster": "http://ia.media-imdb.com/images/M/MV5BMTMwNDU0NTY2Nl5BMl5BanBnXkFtZTcwOTUxOTM5Mw@@._V1._SX214_CR0,0,214,314_.jpg",
      "year": "1997",
      "releaseDate": "1995-11-21T22:00:00.000Z",
      "genres": [
        "Adventure",
        "Animation",
        "Children",
        "Comedy",
        "Fantasy"
      ],
      "id": 1
    },
    {
      "id": 6,
      "title": "Heat",
      "poster": "http://ia.media-imdb.com/images/M/MV5BMTM1NDc4ODkxNV5BMl5BanBnXkFtZTcwNTI4ODE3MQ@@._V1._SY314_CR1,0,214,314_.jpg",
      "year": "1994",
      "releaseDate": "1995-11-21T22:00:00.000Z",
      "genres": [
        "Crime",
        "Thriller"
      ]
    },
    {
      "id": 16,
      "title": "Casino",
      "poster": "http://ia.media-imdb.com/images/M/MV5BMTQ0NDk5NDc5OF5BMl5BanBnXkFtZTYwMDYyNDA5._V1._SX214_CR0,0,214,314_.jpg",
      "year": "19952",
      "releaseDate": "1995-11-21T22:00:00.000Z",
      "genres": [
        "Drama"
      ]
    },
    {
      "id": 32,
      "title": "Twelve Monkeys",
      "poster": "http://ia.media-imdb.com/images/M/MV5BMTQwNzg2OTUzMV5BMl5BanBnXkFtZTYwMTg4ODU5._V1._SX214_CR0,0,214,314_.jpg",
      "year": 1995,
      "releaseDate": "1995-11-21T22:00:00.000Z",
      "genres": [
        "Thriller"
      ]
    },
    {
      "id": 45,
      "title": "Live Free or Die Hard",
      "poster": "http://ia.media-imdb.com/images/M/MV5BNDQxMDE1OTg4NV5BMl5BanBnXkFtZTcwMTMzOTQzMw@@._V1._SX214_CR0,0,214,314_.jpg",
      "year": 2007,
      "releaseDate": "1995-11-21T22:00:00.000Z",
      "genres": [
        "Romance"
      ]
    },
    {
      "id": 50,
      "title": "The Usual Suspects",
      "poster": "http://ia.media-imdb.com/images/M/MV5BMTg0NzIyMTA3M15BMl5BanBnXkFtZTcwMDQ3MjI3Mw@@._V1._SX214_CR0,0,214,314_.jpg",
      "year": 1995,
      "releaseDate": "1995-11-21T22:00:00.000Z",
      "genres": [
        "Mystery",
        "Thriller"
      ]
    },
    {
      "id": 70,
      "title": "From Dusk Till Dawn",
      "poster": "https://images-na.ssl-images-amazon.com/images/M/MV5BZjk3YmZhMDAtOWUzMS00YjE5LTkxNzAtY2I1NGZjMDA2ZTk0XkEyXkFqcGdeQXVyMTQxNzMzNDI@._V1_SY1000_CR0,0,665,1000_AL_.jpg",
      "year": 1996,
      "releaseDate": "1995-11-21T22:00:00.000Z",
      "genres": [
        "Comedy",
        "Horror",
        "Thriller"
      ]
    },
    {
      "id": 1240,
      "title": "Terminator Salvation",
      "poster": "http://ia.media-imdb.com/images/M/MV5BODE1MTM1MzA2NF5BMl5BanBnXkFtZTcwODQ5MTA2Mg@@._V1._SY314_CR9,0,214,314_.jpg",
      "year": 2009,
      "releaseDate": "1995-11-21T22:00:00.000Z",
      "genres": [
        "Sci-Fi",
        "Thriller"
      ]
    },
    {
      "id": 417,
      "title": "Vicky Cristina Barcelona",
      "poster": "http://ia.media-imdb.com/images/M/MV5BMTU2NDQ4MTg2MV5BMl5BanBnXkFtZTcwNDUzNjU3MQ@@._V1._SX214_CR0,0,214,314_.jpg",
      "year": 2008,
      "releaseDate": "1995-11-21T22:00:00.000Z",
      "genres": [
        "Romance"
      ]
    },
    {
      "id": 1791,
      "title": "Twilight",
      "poster": "http://ia.media-imdb.com/images/M/MV5BMTQ2NzUxMTAxN15BMl5BanBnXkFtZTcwMzEyMTIwMg@@._V1._SX214_CR0,0,214,314_.jpg",
      "year": 2008,
      "releaseDate": "1995-11-21T22:00:00.000Z",
      "genres": [
        "Drama",
        "Thriller"
      ]
    },
    {
      "id": 1872,
      "title": "Slumdog Millionaire",
      "poster": "http://ia.media-imdb.com/images/M/MV5BMTU2NTA5NzI0N15BMl5BanBnXkFtZTcwMjUxMjYxMg@@._V1._SX214_CR0,0,214,314_.jpg",
      "year": 2008,
      "releaseDate": "1995-11-21T22:00:00.000Z",
      "genres": []
    },
    {
      "id": 4780,
      "title": "Taken",
      "poster": "http://ia.media-imdb.com/images/M/MV5BMTM4NzQ0OTYyOF5BMl5BanBnXkFtZTcwMDkyNjQyMg@@._V1._SX214_CR0,0,214,314_.jpg",
      "year": 2008,
      "releaseDate": "1995-11-21T22:00:00.000Z",
      "genres": []
    },
    {
      "id": 4785,
      "title": "frozen",
      "year": "2013",
      "poster": "http://i0.kym-cdn.com/photos/images/original/000/690/730/444.jpg",
      "releaseDate": null,
      "genres": []
    },
    {
      "id": 4786,
      "title": "Cars",
      "year": "2006",
      "poster": "https://upload.wikimedia.org/wikipedia/en/3/34/Cars_2006.jpg",
      "releaseDate": null,
      "genres": []
    },
    {
      "title": "Moana",
      "year": "2017",
      "poster": "http://t3.gstatic.com/images?q=tbn:ANd9GcTJOaSVrzlgewVqmUgUz4W5ty2KUeHH6s-aYSIr_Qw8v2EBrtCS",
      "id": 4787
    },
    {
      "id": 4790,
      "title": "IT",
      "year": "2017",
      "poster": "http://www.optionated.com/wp-content/uploads/2014/05/it-movie-poster.jpg",
      "releaseDate": null,
      "genres": []
    },
    {
      "title": "Ferdinand",
      "year": "2018",
      "poster": "https://ecdn.teacherspayteachers.com/thumbitem/Ferdinand-Movie-Questions-in-Spanish-Ole-el-viaje-de-Ferdinand-Corridas-toros-3686799-1520207932/original-3686799-1.jpg",
      "inCinemas": true,
      "rating": "G",
      "genres": [
        "Drama",
        "Comedy"
      ],
      "id": 4793
    },
    {
      "title": "IT22",
      "year": "2017",
      "poster": "http://www.optionated.com/wp-content/uploads/2014/05/it-movie-poster.jpg",
      "releaseDate": null,
      "genres": [
        "Drama"
      ],
      "id": 4794
    },
    {
      "title": "IT22",
      "year": "2017",
      "poster": "http://www.optionated.com/wp-content/uploads/2014/05/it-movie-poster.jpg",
      "releaseDate": null,
      "genres": [
        "Drama"
      ],
      "id": 4795
    },
    {
      "title": "IT22",
      "year": "2017",
      "poster": "http://www.optionated.com/wp-content/uploads/2014/05/it-movie-poster.jpg",
      "releaseDate": null,
      "genres": [
        "Drama"
      ],
      "id": 4796
    }
  ]
}